network,avg_us_viewers,total_us_viewers,rating_household,share_household,rating_18_49,share_18_49,ad_cost
ABC,85206714.28571428,279900000.0,42.44285714285714,62.285714285714285,37.9,,1417142.857142857
CBS,75221526.31578948,819880000.0,42.27894736842105,67.05263157894737,37.800000000000004,78.0,1178398.1578947369
Fox,97057750.0,650200000.0,43.2625,65.625,38.04,78.0,2774995.375
NBC,77657368.42105263,483100000.0,42.973684210526315,67.52631578947368,38.18,78.5,1194536.8421052631
