region,sex,count,total,proportion
northeast,female,161,324,0.49691358024691357
northeast,male,163,324,0.5030864197530864
northwest,female,164,325,0.5046153846153846
northwest,male,161,325,0.49538461538461537
southeast,female,175,364,0.4807692307692308
southeast,male,189,364,0.5192307692307693
southwest,female,162,325,0.49846153846153846
southwest,male,163,325,0.5015384615384615
