Platform,Total_Sales
PS2,1255.64
X360,979.96
PS3,957.84
Wii,926.71
DS,822.49
PS,730.66
GBA,318.5
PSP,296.28000000000003
PS4,278.1
PC,258.82
XB,258.26
GB,255.45000000000002
NES,251.07
3DS,247.46
N64,218.88
SNES,200.05
GC,199.36
XOne,141.06
2600,97.08
WiiU,81.86
PSV,61.93
SAT,33.59
GEN,28.36
DC,15.97
SCD,1.87
NG,1.44
WS,1.42
TG16,0.16
3DO,0.1
GG,0.04
PCFX,0.03
